<?xml version="1.0" encoding="UTF-8"?>
<project-private xmlns="http://www.netbeans.org/ns/project-private/1">
    <editor-bookmarks xmlns="http://www.netbeans.org/ns/editor-bookmarks/2" lastBookmarkId="0"/>
    <open-files xmlns="http://www.netbeans.org/ns/projectui-open-files/2">
        <group>
            <file>file:/D:/courses/CIS_296/ClientSide/src/clientside/chatroomZeinab.fxml</file>
            <file>file:/D:/courses/CIS_296/ClientSide/src/clientside/ClientSide.java</file>
            <file>file:/D:/courses/CIS_296/ClientSide/src/clientside/Client.java</file>
            <file>file:/D:/courses/CIS_296/ClientSide/src/clientside/ZeinabController.java</file>
        </group>
    </open-files>
</project-private>
