<?xml version="1.0" encoding="UTF-8"?>
<project-private xmlns="http://www.netbeans.org/ns/project-private/1">
    <editor-bookmarks xmlns="http://www.netbeans.org/ns/editor-bookmarks/2" lastBookmarkId="0"/>
    <open-files xmlns="http://www.netbeans.org/ns/projectui-open-files/2">
        <group>
            <file>file:/D:/courses/CIS_296/Chat/src/chat/HiraController.java</file>
            <file>file:/D:/courses/CIS_296/Chat/src/chat/Server.java</file>
            <file>file:/D:/courses/CIS_296/Chat/src/chat/Chat.java</file>
        </group>
    </open-files>
</project-private>
